{"dist": [[-0.24101876726185517, -0.05306654307146828, -0.0011581131881670842, -0.0001282849348334441, 0.026702616246653866]], "matrix": [[1153.9609950631557, 0.0, 669.7064924812169], [0.0, 1148.0250346792952, 385.6555817985278], [0.0, 0.0, 1.0]]}